crop,category,teks_ocr,kalimat_koreksi,paddleocr_out
crops/ITIEC_ALG_QQQ_20260512_0372_1.jpg,ALG,wanita ini menangis histeris sa't sad4r dr mabux cel4na dlm ny hil4ng,Wanita ini menangis histeris saat sadar dari mabuk calana dalamnya hilang,wanita ini menangis histeris sa't sad4r dr mabux cel4na dlm ny hil4ng
crops/ITIEC_ALG_QQQ_20260512_0372_2.jpg,ALG,"Sadar dari Mabuk, Wanita Ini Nangis Histeris Saat Menyadari CD-nya Sudah Tak ada","Sadar dari mabuk, wanita ini menangis histeris saat menyadari celana dalamnya sudah tidak ada","Sadar dari Mabuk,Wanita Ini Nangis Histeris Saat Menyadari CD-nya Sudah Tak Ada"
crops/ITIEC_ALG_QQQ_20260512_0080_1.jpg,ALG,"Video Pesta As*sila Viral, Dua Terduga Pelaku L*BT Diamankan","Video pesta asusila vira, dua terduga pelaku LGBT diamankan","Video Pesta As*sila Viral, Dua Terduga Pelaku L*BT Diamankan"
crops/ITIEC_ALG_QQQ_20260512_0353_1.jpg,ALG,P0nsel p3mbvnvh ditemvkan di d4lam k0per,Ponsel pembunuh ditemukan di dalam koper,POnsel p3mbvnvh ditemvkan di d4lam kOper
crops/ITIEC_ALG_QQQ_20260512_0001_1.jpg,ALG,"Minta Dinikahi karena Hamil, Janda Asal Grobogan Diduga Dianiaya Kekasih hingga T3w4s di Sragen","Meminta Dinikahi karena Hamil, Janda Asal Grobogan Diduga Dianiaya Kekasih hingga Tewas di Sragen",MintaDinikahi karena Hamil. Janda Asal Grobogan Diduga Dianiaya Kekasih hingga T3w4s di Sragen
crops/ITIEC_ALG_QQQ_20260512_0104_1.jpg,ALG,PERIVATE BAHASA INGGRIS Satu Bulan Bisa Berkomunikasi HUB : 08777,PRIVATE BAHASA INGGRIS Satu Bulan bisa berkomunikasi Hub: 08777,PERIVATE BAHASA INGGRIS Saty Bulan Bisa Berkomunikasi
crops/ITIEC_ALG_QQQ_20260512_0360_1.jpg,ALG,Selamat jalan abang ku sayang,"Selamat jalan, abangku sayang",Selamatjalanabang kusayang
crops/ITIEC_ALG_QQQ_20260512_0360_2.jpg,ALG,Sampaikan pada Yg MAHA KUASA Agar smw pelaku dihukum M0ti juga,Sampaikan pada Yang Maha Kuasa agar semua pelaku dihukum mati juga,Sampaikanpada Yg MAHA KUASA Agarsmwpelaku dihukumMoti Juga
crops/ITIEC_ALG_QQQ_20260512_0234_1.jpg,ALG,WAJIB DI 4CUNGI JEMPOL,Wajib diacungi jempol,WAJIBD4CONGIJEMPOLC
crops/ITIEC_ALG_QQQ_20260512_0234_2.jpg,ALG,Jenderal Hoegeng & Aipda Vicky: Berani Lepas Jabatan & Seragam Demi Kejujuran,Jenderal Hoegeng dan Aipda Vicky: Berani melepas jabatan dan seragam demi kejujuran,Berani Lepas Jabatan & Seragam Demi Kejujuran
crops/ITIEC_ALG_QQQ_20260512_0283_1.jpg,ALG,"Ustadz Abdul Somad: Jangan Pernah Menikah Dengan W4nita Yg Sudah Pernah Pacaran, Susah Kalian Delete Memori Dari Wanita Tersebut. Pastikan Kalianlah Suami, Pria Yang Ada di Memori Istri Kalian Selain Bapaknya.","Ustadz Abdul Somad: Jangan pernah menikah dengan wanita yang sudah pernah pacaran, kalian akan susah menghapus memori dari wanita tersebut. Pastikan kalianlah suami, pria yang ada di memori Istri kalian selain Bapaknya.","Ustadz Abdul Somad:Jangan Pernah Menikah Dengan W4nita Yg Sudah Pernah Pacaran,Susah Kalian Delete MemoriDari Wanita Tersebut.Pastikan Kalianlah Suami,Pria Yang Ada di Memori Istri Kalian Selain Bapaknya."
crops/ITIEC_ALG_QQQ_20260512_0120_1.jpg,ALG,Fauzan Boc4h yang pakainnya Dihin4 & Ditertawakan,Fauzan bocah yang pakainnya dihina dan ditertawakan,Fauzan Boc4h yang Pakaiannya Dihin4&Ditertawakansempat
crops/ITIEC_ALG_QQQ_20260512_0311_1.jpg,ALG,"Bucin Kepada Pacar, Membawa Ajeng ke Tiang G4ntvngan","Bucin kepada pacar, membaca Ajeng ke tiang gandungan","Bucin Kepada Pacar, Membawa Ajeng Ke Tiang G4ntvngan"
crops/ITIEC_ALG_QQQ_20260512_0183_1.jpg,ALG,"NASIB PILU BRIPTU SOLAGRATIA YANG ISTRINYA SEL*NGK*H DENGAN DUA POLISI DAN TERL4NTARKAN 4NAK SELAMA 5 BUL4n ""DIA SUKA D*G3M DAN M4b*K-M4b*K, DIA TAK PIKIR 4NAK PEREMPUAN SAYA SANGAT BUTUH KASIH SAYANG SEORANG IBU""","Nasib Briptu Solagratia: Istrinya diduga berselingkuh dengan dua polisi dan menelantarkan anak selama lima bulan ""Dia lebih memilih hiburan malam dan mabuk-mabukan, tanpa memikirkan bahwa anak perempuan kami sangat membutuhkan kasih sayang seorang Ibu.""","NASIB PILUBRIPTUSOLAGRATIA YANGISTRINYA SEL*NGK*H DENGAN DUAPOLISEDAN TEL4NT4RKAN 4NAK SELAMA 5BUL4n ""DIA SUKA D*G3M pAN M4b*K-M4b*K DIA TAK PIKIR 4NAK PEREMPUAN SAYA SANGAT BUTUH KASIH SAYANG SEORANG IBU"
crops/ITIEC_ALG_QQQ_20260512_0323_1.jpg,ALG,"Perjalanan Hijrah Rae Lil Black, Mantan Pem4in Film Dew4s4 Jep4ng yang Kini Mualaf ""Ini Ramadan Pertamaku""","Perjalanan hijrah Rea Lil Black, manran pemain film dewasa jepang yang kini mualaf: ""ini ramadan pertamaku""","Perjalanan Hijrah Rae Lil Black,Mantan Pem4in Film Dew4s4Jep4ng yangKini Mualaf 'Ini Ramadan Pertamaku"""
crops/ITIEC_ALG_QQQ_20260512_0242_1.jpg,ALG,"Kasus FHUI itu ngingetin lagi, betapa rentan-nya perempuan, dan mudahnya dunia menghina perempuan.",Kasus FHUI itu mengingatkan lagi betapa rentannya perempuan dan betapa mudahnya dunia menghina perempuan.,"Kasus FHUl itu ngingetin lagi, betapa rentan-nya perempuan, dan mudahnya dunia menghina ESET2 perempuan."
crops/ITIEC_ALG_QQQ_20260512_0242_2.jpg,ALG,"Nggak perlu ngapa-ngapain, gak perlu provokatif. Cukup dengan ""ada"" aja bisa dilec*hkan sama se-geng cowok, yg notabene berpendidikan dengan masa depan cerah.","Tidak perlu melakukan apa pun dan tidak perlu bersikap provokatif. Cukup dengan hadir saja, seseorang bisa dilecehkan oleh segeng laki-laki yang notabene berpendidikan dan memiliki masa depan cerah.","Nggak perlu ngapa-ngapain,gak perlu provokatif.Cukup dengan ada""aja bisa dilec*hkan sama se- geng cowok, yg notabene berpendidikan dengan masa depan cerah."
crops/ITIEC_ALG_QQQ_20260512_0246_1.jpg,ALG,Bocah Umur 4 Tahun di Kediri Meningg4l Usai Dih*jar Pakai Sapu & Paralon Oleh Nenek Sendiri,Bocah umur 4 tahun di Kediri meninggal usai dihajar sapu dan paralon oleh nenek sendiri,Bocah Umur 4 Tahun di Kediri Meningg4I Usai Dih*jar Pakai Sapu & Paralon Oleh Nenek Sendiri
crops/ITIEC_ALG_QQQ_20260512_0246_2.jpg,ALG,sang ibu tak sanggup menghadapi kenyataan,Sang ibu tidak sanggup menghadapi kenyataan,sang ibu tak sanggup menghadapi kenyataan
crops/ITIEC_ALG_QQQ_20260512_0237_1.jpg,ALG,mama dib*n*h,Mamah dibunuh,mamadib*n*h
crops/ITIEC_ALG_QQQ_20260512_0279_1.jpg,ALG,"Polres Mojokerto Kota, tetapkan Inge Mariya tersangka Pengani4yaan 4n4k. Ancaman hukuman 5 tahun penjara.","Polres Kota Mojokerto, menetapkan Inge Mariya tersangka penganiayaan anak. Ancaman hukuman 5 tahun penjara.","Polres Mojokerto Kota,tetapkan Inge Mariya tersangkaPengani4yaan4n4k Ancaman hukuman 5tahun penjara."
crops/ITIEC_ALG_QQQ_20260512_0362_1.jpg,ALG,pemb4t4l4n,pembatalan,pemb4t4I4r
crops/ITIEC_ALG_QQQ_20260512_0135_1.jpg,ALG,"PANGK4TNYA GACOR Ossy Dermawan - Lulusan Terbaik di AS, Staf SBY, Manajer Voli Juara, Kini Wakil Menteri ATR/BPN!","PANGKATNYA KEREN Ossy Dermawan - Lulusan terbaik di Amerika Serikat, pernah menjabat sebagai staf SBY, manajer voli juara, dan kini menjabat sebagai Wakil Menteri ATR/BPN.","PANGK4TNYA GACOR OssyDermawan-Lulusan Terbaik diAS Staf sBY,Manajer Voli Juara, Kini WakilMenteriATR/BPN!"
crops/ITIEC_ALG_QQQ_20260512_0021_1.jpg,ALG,Pel4ku,Pelaku,
crops/ITIEC_ALG_QQQ_20260512_0021_2.jpg,ALG,K0rb4n,Korban,K0rb4n
crops/ITIEC_ALG_QQQ_20260512_0021_3.jpg,ALG,Inilah wajah kedua pelaku pemb*nuhan disertai mutil4si terhadap Pak Bedul,Inilah wajah kedua pelaku pembunuhan disertai mutilasi terhadap Pak Bedul,nilah waiah disertai mutil4si terhadap Pak Bedul
crops/ITIEC_ALG_QQQ_20260512_0101_1.jpg,ALG,Assalamu'alaikum Kami Mawar Gurun Ir4n Selalu Berd0a dan Berju4n9 untuk Semua T3nt4ra Ir4n Agar Kami Mer4in Kemen4n94n. Knp foto sprti in tidak vir4l???,Assalamu'alaikum. Kami Mawar Gurun Iran selalu berdoa dan berjuang untuk semua tentara Iran agar kami meraih kemenangan. Kenapa foto seperti ini tidak viral?,Assalamu'alaikum Kami Mawar Gurun Ir4n Selalu BerdOa dan Berju4n9 untuk Semua T3nt4ra Ir4n Agar Kami Mer4ih Kemen4n94n Knp foto sprti ini tidak vir4l???
crops/ITIEC_ALG_QQQ_20260512_0028_1.jpg,ALG,"HISTERISNYA IBUNDA ANANDA ISNANI PUTRI, SAKSIKAN REKONSTRUKSI PEMBUN*HAN ANAKNYA OLEH SANG SUAMI DI ASAHAN: BUN*H SAJA SI PEMBUN*H ITU!","Histerisnya ibunda Ananda Isnani Putri, menyaksikan rekonstruksi pembunuhan anaknya oleh sang suami di Asahan: bunuh saja si pembunuh itu!",HISTERISNYAIBUNDAANANDA ISNANIPUTRI.SAKSIKAN REKONSTRUKSI PEMBUN*HAN ANAKNYAOLEHSANGSUAMI DI ASAHAN:BUN*H SAJASI PEMBUN*HITU!
crops/ITIEC_ALG_QQQ_20260512_0367_1.jpg,ALG,"Pernah Hidup m!skin, Aditya Prayoga kini buka 6 rumah Makan gr4tis bagi kaum duafa,f4kir m!skin & an4k y4tim","Pernah Hidup miskin, Aditya Prayoga kini buka 6 rumah Makan gratis bagi kaum duafa, fakir miskin & anak yatim","Pernah Hidup m!skin Aditya Prayoga kini buka 6 rumah Makan gr4tis bagi kaum duafa,f4kir m!skin &an4k y4tim"
crops/Gambar 09_1.jpg,ALG,"N4sib 4pes sedang menimpa sopir di Klaten ini, niat hendak mengisi bensin muatan yang diangkutnya berupa 1 ton ikan lele tumpah ruah di area masuk pom bensin Cokro, Klaten, Jawa Tengah pada Jumat (22/5).","Nasib apes menimpa seorang sopir di Klaten. Saat hendak mengisi bensin, muatan yang diangkutnya berupa satu ton ikan lele tumpah ruah di area masuk SPBU Cokro, Klaten, Jawa Tengah, pada Jumat (22/5).","N4sib 4pes sedang menimpa sopir di Klaten ini, niat hendak mengisi bensin muatan yang diangkutnya berupa 1 ton ikan lele tumpah ruah di area masuk pom bensin Cokro,Klaten,Jawa Tengah pada Jumat (22/5)"
crops/Gambar 09_2.jpg,ALG,"Alhasil banyak warga dan juga karyawan SPBU yang membantu mengembalikan ikan-ikan lele ini ke tempatnya dengan peralatan seadanya,","Akibatnya, banyak warga dan karyawan SPBU yang membantu mengembalikan ikan lele ini ke tempatnya dengan peralatan seadanya.",Alhasil banyak warga dan juga karyawan SPBU yang membant mengembalikan ikan-ikan lele ini ke tempatnya dengan peralatan seadanya
crops/ITIEC_ALG_QQQ_20260512_0061_1.jpg,ALG,Kami Mawar Gurun Ir4n Selalu Berdoa dan Berju4n9 Supaya Dunia Kembali Damai,Kami Mawar Gurun Iran selalu berdoa dan berjuang supaya dunia kembali damai,Kami Mawar Gurun Ir4n Selaly Berdoa dan Berju4n9 Supaya Dunia Kembali Damai
crops/ITIEC_ALG_QQQ_20260512_0061_2.jpg,ALG,"InsyaAllah, dengan dukungan dan doa kita bersama, Ir4n pasti menang","Insyaallah, dengan dukungan dan doa kita bersama, Iran pasti menang","InsyaAllah, dengan dukungan dan doa kita bersama,Ir4n pasti menang"
crops/ITIEC_ALG_QQQ_20260512_0394_1.jpg,ALG,pel4ku,Pelaku,pel4ku
crops/ITIEC_ALG_QQQ_20260512_0394_2.jpg,ALG,korb4n,Korban,korb4n
crops/ITIEC_ALG_QQQ_20260512_0394_3.jpg,ALG,"emas di tubuh anakmu, adalah m4ut di mata orang yang iri","Emas di tubuh anakmu, maut di mata orang yang iri",emasditubuhanakmu adalah m4ut di mata orang yang iri
crops/ITIEC_ALG_QQQ_20260512_0042_1.jpg,ALG,"Keji! Nenek 77 Tahun di Riau T3w4s Bersimbah D4rah Dib*n*h Cucu, Pelaku Ditangkap Usai Kabur dan Mengaku Habisi Korban demi Uang","Keji! Nenek 77 tahun di Riau tewas bersimbah darah dibunuh cucu, pelaku ditangkap usai kabur dan mengaku habisi korban demi uang.","Keji!Nenek 77 Tahun di Riau T3w4s Bersimbah D4rah Dib*n*h Cucu,Pelaku Ditangkap Usai Kabur dan Mengaku Habisi Korban demi Uang"
crops/ITIEC_ALG_QQQ_20260512_0250_1.jpg,ALG,BAKAL DI JEMPUT P4KSA,Bakal dijemput paksa,BAKALDIJEMPUTP4KSA
crops/ITIEC_ALG_QQQ_20260512_0250_2.jpg,ALG,"SIAP PEMERIKSAAN! KPK UNGKAP 8 TEMUAN MASALAH TATA KELOLA PROGRAM MBG KEPALA BGN DADAN HINDAYANA: JIKA BERANI MASUK KE KANTOR SAYA, MAKA SAYA AKAN LAPORKAN KE PRESIDEN PRABOWO","Siap pemeriksaan! KPK mengungkap 8 temuan masalah tata kelola program MBG kepala BGN Dadan Hindayana: Jika berani masuk ke kantor saya, maka saya akan laporkan ke Presiden Prabowo.",MASALAH TATAKELOLAPROGRAMMBG KEPALABGNDADANHINDAYANA:JIKA BERANLMASUKKEKANTORSAYAMAKA RAYAAKANLAPORKANKEPRESIDENPRABOWO
crops/ITIEC_ALG_QQQ_20260512_0196_1.jpg,ALG,"Hadly Sabri Miurk4 Ammar Zoni Seret2 Irish Bela di Persidangan ""harusnya fokus aja ke pembelaan Jangan bawa2 istri orang"" tulisnya!!","Hadly Sabri murka Ammar Zoni seret-seret Irish Bela di persidangan ""seharusnya fokus saja ke pembelaan jangan bawa-bawa istri orang"" tulisnya!","Seret2 Irish Bella di Persidangan 'harusnya fokus aja ke pembelaan angan bawa2 istri orang""tulisnya"
crops/ITIEC_ALG_QQQ_20260512_0063_1.jpg,ALG,"G4dis pejuang Ir4n: ""Wahai saudaraku, kami selalu berdoa dan berju4n0 supaya Ir4n men4n9 dalam hati aku katakan ""AKU IR4N""","Gadis pejuang Iran: ""Wahai saudaraku, kami selalu berdoa dan berjuang supaya Iran menang dalam hati, aku katakan ""Aku Iran""","G4dis pejuang Ir4n:""wahai saudaraku, kami selalu berdoa dan berju4n9 supaya Ir4n men4n9 dalam hati aku katakan ""AkU IR4N"""
crops/ITIEC_ALG_QQQ_20260512_0375_1.jpg,ALG,"DARI DR!VER OJOL YANG TAK PUNYA M4SA DEPAN JADI POLISI MILITER TNI! Kisah Aan Akbar, Bersyukur N4sib Berubah Dr4stis: 'Terima Kasih Allah & Gojek!","Dari driver ojol yang tidak mempunyai masa depan jadi Polisi Militer TNI! Kisah Aan Akbar, bersyukur nasib berubah drastis: 'Terima Kasih Allah & Gojek!","DARIDR!VEROJOLYANGTAK PUNYAM4SA DEPAN JAD POLISIMILTERTNI! Kisah Aan Akbar,Bersyukur N4sibBerubah Dr4stis Terima Kasih Allah & Goiek!"
crops/ITIEC_ALG_QQQ_20260512_0350_1.jpg,ALG,"""Miriam Rodriguez, Ibu yang M3mbvru P3mbvnvh Anaknya, Hingga Di T3mb4k M4ti Oleh K4rtel Tepat Di Hari Ibu""","""Miriam Rodriguez, Ibu yang memburu pembunuh anaknya, hingga ditembak mati oleh Kartel tepat di hari Ibu""","'Miriam Rodriguez, Ibu yang M3mbvr P3mbvnuh Anaknya,Hingga Di T3mb 4k M4ti Oleh K4rtelTepat DiHari lbu'"
crops/ITIEC_ALG_QQQ_20260512_0003_1.jpg,ALG,"Fauzan, Remaja Viral Karena Outfitnya Yg Di Hin4 Kampungan, Ternyata Sempat Mengurung Diri & Tidak Mau Sekolah Lagi Usai Insiden Tersebut. Kini Dapatkan Perhatian Dari Pemerintah Kabupaten LabuhanBatu","Fauzan, remaja viral karena outfitnya yang dihina kampungan, ternyata sempat mengurung diri dan tidak mau sekolah lagi usai insiden tersebut. Kini mendapatkan perhatian dari Pemerintah Kabupaten Labuhanbatu.","Fauzan, Remaja Viral Karena Outfitnya Yg Di Hin4 Kampungan Ternyata Sempat Mengurung Diri &Tidak Mau Sekolah Lagi Usai Insiden Tersebut.Kini Dapatkan Perhatian Dari Pemerintah Kabupaten LabuhanBatu"
crops/ITIEC_ALG_QQQ_20260512_0003_2.jpg,ALG,"Proud of you fauzan (bukannya lebay jangan pernah bilang masa gtu aja langsung drop, inilah itulah stop menghakimi seseorang... ga semua orang punya perasaan yang kebal dan cuek ada saatnya kita manusia di titik terjatuh)","Saya bangga padamu Fauzan, tidak bermaksud berlebihan, jangan pernah berkata masa seperti itu saja langsung terpuruk, berhenti untuk menghakimi seseorang. Tidak semua orang memiliki perasaan yang kebal dan bersikap cuek, ada saatnya kita manusia di titik terjatuh.","Proud of you fauzan (bukannya lebay angan pernah bilang masa gtu aja angsung drop,inillah itulah stop menghakimi seseorang.. ga semua orang punya perasaan yang kebal dan cuek ada saatnya kita manusia di titik terjatuh)"
crops/ITIEC_ALG_QQQ_20260512_0003_3.jpg,ALG,"Motivasi mbak mbak berdua itu apa ya, cekikikan mencemooh orang gak dikenal di depan orangnya langsung.",Apa motivasi kedua perempuan itu? tertawa cekikikan sambil mencemooh orang tidak dikenal di depan orangnya langsung.,"Motivasi mbak mbak berdua itu apa ya,cekikikan mencemooh orang gak"
crops/ITIEC_ALG_QQQ_20260512_0097_1.jpg,ALG,Semangat ju4ng kami tidak pernah lel4h demi perdam4ian dunia,Semangat juang kami tidak pernah lelah demi perdamian dunia,Semangat ju4ngkamitidak akan pernah lel4h demi perdam4ian dunia
crops/ITIEC_ALG_QQQ_20260512_0097_2.jpg,ALG,Tapi knp foto seheb4t ini sepi L!k3 dan k0m3nt4r???,Namun kenapa foto sehabat ini sepi like dan komentar?,Tapi knp foto seheb4t inisepi L!k3 dan k0m3nt4r???
crops/ITIEC_ALG_QQQ_20260512_0109_1.jpg,ALG,"Seorang pemuda Dis4bilitas secara resmi Menjadi angota Kepolisian,,, kok bisa...???",Seorang pemuda disabilitas secara resmi menjadi angota kepolisian. Bagaimana hal itu bisa terjadi?,"Seorang pemuda Dis4bilitas secara resmi Menjadi anggota Kepolisian,., kok bisa...???"
crops/ITIEC_ALG_QQQ_20260512_0005_1.jpg,ALG,"Pernah Hidup m!skin, Aditya Prayoga kini buka 6 rumah Makan gr4tis bagi kaum duafa, f4kir m!skin & an4k y4tim","Pernah hidup miskin, Aditya Prayoga kini buka 6 rumah makan gratis bagi kaum duafa, fakir miskin dan anak yatim","Pernah Hidup m!skin Aditya Prayoga kini buka 6 rumah Makan gr4tis bagi kaum duafa,f4kir m!skin&an4k y4tim"
crops/ITIEC_ALG_QQQ_20260512_0277_1.jpg,ALG,Rusi4 dan Chin4 Ajak Ind0nesia Berg4bung & Berdiri Dipih4k Ir4n. Apakah Anda Setuju?,Rusia dan China mengajak Indonesia bergabung dan berdiri dipihak Iran. Apakah Anda setuju?,Rusi4 dan Chin4 Ajak IndOnesia Berg4bung &Berdiri Dipih4k Ir4n Apakah Anda Setuju?
crops/ITIEC_ALG_QQQ_20260512_0002_1.jpg,ALG,"Pigai Mengecam Tindakan Iran Karena Telah Memb0m Bardir Israel, Warga Banyak Yang T3w4s: ""Itu Salah Satu Pelanggaran HAM""","Pigai Mengecam Tindakan Iran Karena Telah MembomBardir Israel, Banyak Warga Tewas: ""Itu Salah Satu Pelanggaran HAM""","Pigai Mengecam Tindakan Iran Karena Telah Memb0m Bardir Israel,Warga Banyak Yang T3w4s:""Itu SalahSatu Pelanggaran HAM"""
crops/ITIEC_ALG_QQQ_20260512_0025_1.jpg,ALG,"TRAGEDI ALFIN MAKSALMINA LAPOR PENIPUAN MOBIL KE POLISI MILITER. 3 HARI KEMUDIAN HILANG, DITEMUKAN TEW4S TERKUBUR DI CIKEAS","Tragedi Alfin Maksalmina lapor penipuan mobil ke polisi militer. 3 hari kemudian hilang, ditemukan tewas terkubur di Cikeas",TRAGEDILALFIN MAKSALMIINA LAPOR PENIPUAN MOBILKEPOLSIMILTER.3HARLKEMODIAN HILANG.DITEMUKAN TEW4STERKUBURD CIKEAS
crops/ITIEC_ALG_QQQ_20260512_0395_1.jpg,ALG,"Dipicu Masalah Sepele, Pria ODGJ di Tulungagung B4cok Adik Kandung hingga Masuk Rumah Sakit","Dipicu masalah sepele, pria ODGJ di Tulungagung bacok adik kandung hingga masuk rumah sakit.","Dipicu Masalah Sepele, Pria ODGJ di Tulungagung B4cok Adik Kandung hingga Masuk Rumah Sakit"
crops/ITIEC_ALG_QQQ_20260512_0280_1.jpg,ALG,yg setuju ammar Zoni beb4s berikan satu kata,"yang setuju Ammar Zoni bebas, berikan satu kata",yg setuju ammar Zoni beb4s berikan satu kata
crops/ITIEC_ALG_QQQ_20260512_0383_1.jpg,ALG,Du3L 1 L4w4n 3 Niat Beri T3mb**k4n P3ring4tan Agar Meny3r4h Bripka Alfarizi Justru K3na T3mb**k4n Br*t4l Oleh Per4mp0k Saat Sahur!,Duel 1 lawan 3 Niat beri tembakan peringatan agar menyerah Bripka Alfarizi justru kena tembakan brutal oleh perampok saat sahur!,Du3L1L4W4N3 Niat Beri T3mb**k4n P3ring4tan Agar Meny3r4h Bripka Alfarizi Justru K3na T3mb**k4n Br*t4l Oleh Per4mp0k Saat Sahur!
crops/ITIEC_ALG_QQQ_20260512_0324_1.jpg,ALG,Bu Risnawati jualan keliling dalam keadaan but4 demi hidupi 2 buah hatinya,Bu Risnawati jualan keliling dalam keadaan buta demi menghidupi 2 buah hatinya,Bu Risnawatijualan keliling dalam keadaan but4 demi hidupi 2 buah hatinya
crops/ITIEC_ALG_QQQ_20260512_0324_2.jpg,ALG,Lik3 foto ini jika menyentuh hari nuranimu,Like foto ini jika menyentuh hari nuranimu,ntuh hatinuraninu
crops/ITIEC_ALG_QQQ_20260512_0239_1.jpg,ALG,BIKIN SHOCK!,Bikin kaget!,BIKIN SHOCK!
crops/ITIEC_ALG_QQQ_20260512_0239_2.jpg,ALG,KETEMU KORBAN KECEL4K44N YANG TERNYATA...,Ketemu korban kecelakaan yang ternyata...,KETEMO KORBANKECEL4K44N YANGTERNYATA..
crops/ITIEC_ALG_QQQ_20260512_0181_1.jpg,ALG,"Netanyahu: Ag4ma Y4hudi kami adalah ag4ma Pemaaf dan tetangga yang baik, dan Kami tidak membawa ap4 pun Selain kebaikan","Netanyahu: Agama Yahudi kami adalah agama pemaaf dan tetangga yang baik, dan kami tidak membawa apa pun selain kebaikan.","Ag4ma Y4hudi kami adalah ag4ma Pemaaf dan tetangga yang baik, dan Kami tidak membawa ap4 pun Selain kebaikan"
crops/ITIEC_ALG_QQQ_20260512_0275_1.jpg,ALG,Ir4n Bersump4h Ak4n Terus G3mpur Isr4el Hingga Neg4ra P4lestin4 Merdek4! Ap4kah Anda Setuju?,Iran bersumpah akan terus gempur Israel hingga Negara Palestina merdeka! Apakah Anda setuju?,Ir4n Bersump4h Ak4n Terus G3mpur Isr4el Hingga Neg4ra P4lestin4 Merdek4! Ap4kah Anda Setuju?
crops/ITIEC_ALG_QQQ_20260512_0305_1.jpg,ALG,"Luki, Bocah 9 tahun hidup sebatangkara. Ibu meningg4l krn sakit. Diterlant4rkan Ayah dan kakaknya.. jual ubi untuk bisa makan.","Luki, bocah 9 tahun hidup sebatang kara. Ibu meninggal karena sakit, diterlantarkan Ayah dan Kakaknya. Jual ubi untuk bisa makan.","Luki,Bocah9tahunhidup ebatangkara.Ibu meningg4lkrnsakit Diterlant4rkan Ayah dankakaknya.. jual ubiuntukbisa makan"
crops/ITIEC_ALG_QQQ_20260512_0305_2.jpg,ALG,Lik3 foto ini jika menyentuh hati nuranimu.,Like foto ini jika menyentuh hati nuranimu.,Lik3 foto ini jika ranimu
crops/ITIEC_ALG_QQQ_20260512_0142_1.jpg,ALG,"Tr**gls! J4nd3s Muda Dis3k4p Pria Ken4lannya Lewat M3dsos Di Hot3l Jombang, Berujung Dir4mp0k!","Tragis! Janda muda disekap pria kenalannya melalui media sosial di hotel Jombang, berujung dirampok!","Tr**gls J4nd3s Muda Dis3k4pPria Ken4lannya Lewat M3dsos Di Hot3l Jombang, Berujung Dir4mp0k!"
crops/ITIEC_ALG_QQQ_20260512_0255_1.jpg,ALG,"Kami Mawar Ir4n yang terus berjuang, berusaha dan berdoa agar kami bisa m3nang, Kem3nangan kami membuka jalan kem3rdek4an pal35tin4","Kami Mawar Iran yang terus berjuang, berusaha dan berdoa agar kami bisa menang. Kemenangan kami membuka jalan kemerdekaan Palestina.","Kami Mawar Ir4n yang terus berjuang,berusaha dan berdoa agar kami bisa m3nang Kem3nangan kami membuka jalan kem3rdek4an pal35tin4"
crops/ITIEC_ALG_QQQ_20260512_0015_1.jpg,ALG,Anak ini melihat begitu banyak j!n penglaris yang ada dipasar,Anak ini melihat begitu banyak jin penglaris yang ada di pasar,Anak ini melihat begitu banyak j!n penglaris. yang ada dipasar.
crops/ITIEC_ALG_QQQ_20260512_0187_1.jpg,ALG,"MasyaAllah, wanita asal Spanyol ini masuk Isl4m dan putranya pun mengikutinya untuk memelvk Islam. Tapi knp foto sprti ini sepi L!k3 & k0m3nt4r???","Masyaallah, wanita asal Spanyol ini masuk Islam dan putranya pun mengikutinya untuk memeluk Islam. Tapi kenapa foto seperti ini sepi like dan komentar?",masuk Isl4m dan putranya pun mengikutinya untuk memelvk Islam.Tapi knp foto sprtiinisepi L!k3&kOm3nt4r???
crops/ITIEC_ALG_QQQ_20260512_0352_1.jpg,ALG,G*z* kehilangan 400.000 orang.,Gaza kehilangan 400.000 orang.,GZ kehilangan 400.000 orang.
crops/ITIEC_ALG_QQQ_20260512_0352_2.jpg,ALG,GEN051DA,Genosida,GEN051DA
crops/ITIEC_ALG_QQQ_20260512_0014_1.jpg,ALG,"Terrekam cctv , detik2 aksi seorang istri pemberani melawan pemb3g*l untuk menyelamatkan sang suami sungguh luar biasa","Terekam CCTV , detik-detik aksi seorang istri pemberani melawan pembegal untuk menyelamatkan sang suami sungguh luar biasa","Terrekam cctv,detik aksi seorang istri pemberani melawan pemb3g*I untuk menyelamatkan sang suami sungguh luar biasa"
crops/ITIEC_ALG_QQQ_20260512_0019_1.jpg,ALG,"NEKAT TIDUR DI MUSHALA SAMBIL BERPELUK4N, 3 REMAJA DI KEBUMEN DISIRAM AIR: KINI DIBINA POLISI","Nekat tidur di mushala sambil berpelukan, tiga remaja di kebumen disiram air: Kini dibina polisi","NEKATTIDURDI LMUSHALA SAMBILBERPELUK4N,3 REMAJA DI KEBUMEN DISIRAM AIR:KINIDIBINA POLISI"
crops/ITIEC_ALG_QQQ_20260512_0088_1.jpg,ALG,Kami Pejuang Srikandi Ir4n akan terus menj49a perdamaian dunia. Apakah,Kami pejuang srikandi Iran akan terus menjaga perdamaian dunia. Apakah,Kami Pejuang Srikandi Ir4n akan terus menj49a perdamaian dunia.Apakah
crops/ITIEC_ALG_QQQ_20260512_0335_1.jpg,ALG,"BREAKING NEWS MAKIN PANAS! IRAN SERANG BALIK, KIRIM R#D@L KE ISRAEL","Breaking news Makin panas! Iran menyerang balik, mengirimkan rudal ke Israel",BREAKINGNEWS MAKIN PANAS! IRAN SERANG BALIK. KIRIM R#D@L KE ISRAEL
crops/ITIEC_EJA_QQQ_20260512_0496_1.jpg,EJA,MALL JOHAR PLAZA TETAP BUKA / OPERASIONAL SEPERTI BIASA ANDA MEMASUKI KAWASAN TERTIB K3 WAJIB MENGGUBAKAN ALAT PERLINDUNGAN DIRI (APD),Mall Johar Plaza tetap buka / operasional seperti biasa Anda memasuki kawasan tertib K3 Wajib menggunakan Alat Perlindungan Diri (APD),MALL JOHAR PLAZA TETAP BUKA/OPERASIONAL SEPERTI BIASA ANDA
crops/ITIEC_EJA_QQQ_20260512_0450_1.jpg,EJA,km.20,Km 20,M.20
crops/ITIEC_EJA_QQQ_20260512_0075_1.jpg,EJA,APOTIK,Apotek,<LOF-Y
crops/ITIEC_EJA_QQQ_20260512_0285_1.jpg,EJA,Yg setuju amar bebas Di sidang besok,yang setuju Ammar bebas disidang besok,Yg setuju amar bebas Di sidang besok
crops/ITIEC_EJA_QQQ_20260512_0285_2.jpg,EJA,"1 hari lagi vonis Ammar yang se7 Ammar BEBAS, atau di Rehab brikan 1 kata",1 hari lagi vonis Ammar yang setuju Ammar bebas atau direhab berikan 1 kata,"1 hari lagi vonis Ammar yangSe7 Ammar BEBAS, atau di Rehab brikan 1 kata"
crops/ITIEC_EJA_QQQ_20260512_0409_1.jpg,EJA,FERMAK LEVI'S,Permak Levi's,FERMAK LevI's
crops/ITIEC_EJA_QQQ_20260512_0509_1.jpg,EJA,VERMAK LEVI'S,Permak Levi's,VERMAK LEVI'S
crops/ITIEC_EJA_QQQ_20260512_0121_1.jpg,EJA,BAXO,Bakso,
crops/ITIEC_EJA_QQQ_20260512_0169_1.jpg,EJA,DISINI PIRCITIKIN SILIHKIN CITIK DISINI,DI SINI PERCETAKAN SILAKAN CETAK DI SINI,DISINI PIRCITIKI SILIHKIN CITIK DISINI
crops/ITIEC_EJA_QQQ_20260512_0276_1.jpg,EJA,ES DAK JELAS,Es tidak jelas,ESDAK JELAS TAPICU
crops/ITIEC_EJA_QQQ_20260512_0276_2.jpg,EJA,TAPI CUBOLAH DULU SIAPO TAU BISO JADI JELAS,Tapi cobalah dulu siapa tahu bisa jadi jelas,TAPICUBOLAH DULL SIAPOTAU BISO JADIJELAS
crops/ITIEC_EJA_QQQ_20260512_0532_1.jpg,EJA,LAYANAN BIS PARIWISATA,Layanan bus pariwisata,AYANAN BISPARIV WISATA
crops/ITIEC_EJA_QQQ_20260512_0445_1.jpg,EJA,KRIDIT,Kredit,
crops/ITIEC_EJA_QQQ_20260512_0306_1.jpg,EJA,"""Saya ingin seluruh rakyat indonesia tau Seluruh akar masalah di indonesia adalah K0rvpsi dan kemunafikan.semua politisi Saling sandera-menyandera jabatan, sedikit kali yang benar-benar Peduli rakyat."" _BASUKI TJAHAJA PURNAMA_","""Saya ingin seluruh rakyat Indonesia tahu seluruh akar masalah di Indonesia adalah korupsi dan kemunafikan. Semua politisi saling menyandera jabatan, sedikit kali yang benar-benar peduli rakyat."" _Basuki Tjahaja Purnama_","""Saya ingin seluruh rakyat indonesia tau Seluruh akar masalah di indonesia adalah KOrvpsi dan kemunafikan.semua politisi Saling sandera-meyandera jabatan, sedikit kali yang benar-benar Peduli rakyat. _BASUKI TJAHAJA PURNAMA_"
crops/ITIEC_EJA_QQQ_20260512_0111_1.jpg,EJA,AYAM UDANG SEEFOOT SPECIAL SAOS TIRAM,AYAM UDANG SEAFOOD SPECIAL SAOS TIRAM,AYAM UDANG SEEFOOT SPECIAL SAOS TIRAM
crops/Gambar 17_1.jpg,EJA,SUNGKEM WARGA THREAD AKHIRNYA BISA MENIKMATI TEAZZI TANPAH MEROGOH KOCEK,"Sungkem warga Threads, akhirnya bisa menikmati Teazzi tanpa merogoh kocek",SUNGKEM WARGATHREAD
crops/ITIEC_EJA_QQQ_20260512_0060_1.jpg,EJA,Mari Sukseskan Sea Games 2028 Jakarta Palembang Jawabarat,"Mari Sukseskan SEA Games 2028 Jakarta, Palembang, Jawa Barat",MariSuiksesk Sea Games2018 jakarta Palembang jawabarat
crops/ITIEC_EJA_QQQ_20260512_0468_1.jpg,EJA,SUMBER SURYA PHOTO COPY SEDIA: ALAT TULIS & JILID,Sumber Surya Fotokopi Sedia: Alat tulis & Jilid,SUMBER.SURYA SEIA:ALATULIS &JIID
crops/ITIEC_EJA_QQQ_20260512_0469_1.jpg,EJA,DI SEWAKAN GARASI,Disewakan garasi,DISEWAKAN GARASI
crops/ITIEC_EJA_QQQ_20260512_0165_1.jpg,EJA,SERVIC MOTOR,SERVIS MOTOR,
crops/ITIEC_EJA_QQQ_20260512_0081_1.jpg,EJA,RP.44.500,Rp44.500,RP RP.44.500
crops/ITIEC_EJA_QQQ_20260512_0081_2.jpg,EJA,RP.59.000,Rp59.000,RPSCA RP.59.000
crops/ITIEC_EJA_QQQ_20260512_0081_3.jpg,EJA,RP.55.500,Rp55.500,RP.55.500
crops/ITIEC_EJA_QQQ_20260512_0081_4.jpg,EJA,RP.49.500,Rp49.500,[Re RP.49.500
crops/Gambar 16_1.jpg,EJA,"MBAAK, AKU SETUJU BANGET Pantesan dijuluki minyak dewa, sekarang udah jadi andalan remaja jompo tiap badan mulai ga enak. Tinggal oles langsung plooong","Mbak, aku setuju sekali Pantas dijuluki minyak dewa, sekarang sudah jadi andalan remaja jompo setiap badan mulai tidak enak. Tinggal oles langsung plong","MBAAK.AKUSETUJUBANGET Pantesan dijuluki minyak dewa,sekarang udah jadi andalan remaja jompo tiap badan mulai ga enak.Tinggal oles langsung plooong  1/2"
crops/ITIEC_EJA_QQQ_20260512_0517_1.jpg,EJA,LEGITNYA RAME-RAMEI,Legitnya ramai-ramai,LEOITNYA AME
crops/ITIEC_EJA_QQQ_20260512_0463_1.jpg,EJA,PERHATIAN TOLONG JANGAN LETAKKAN KENDERAAN ANDA DI HADAPAN PUMP ANGIN. TERIMA KASIH,Perhatian! Tolong jangan letakkan kendaraan Anda di hadapan pompa angin. Terima kasih,PERHATIAN TOLONG JANGAN LETAKKAN KENDERAAN ANDA DI HADAPAN PUMP ANGIN. TERIMA KASIN
crops/ITIEC_EJA_QQQ_20260512_0398_2.jpg,EJA,MEI GORENG,MI GORENG,MEL-DOBENG
crops/ITIEC_EJA_QQQ_20260512_0398_3.jpg,EJA,KTIUW GORENG,KWETIAU GORENG,KTIUW-GORENG
crops/ITIEC_EJA_QQQ_20260512_0022.jpeg_1.png,EJA,LOPSTER GORENG MENTEGA,Lobster goreng mentega,
crops/ITIEC_EJA_QQQ_20260512_0403_1.jpg,EJA,NASY GORENG & MYE,Nasi goreng dan mi,NASY GORENG &MYE.
crops/ITIEC_EJA_QQQ_20260512_0491_1.jpg,EJA,JUAL PULZA ELEKTRIK,Jual pulsa elektrik,JUAL PULZAELEKTRIK
crops/ITIEC_EJA_QQQ_20260512_0489_1.jpg,EJA,TEMPAT WUDLU,Tempat wudu,WUBAU
crops/ITIEC_EJA_QQQ_20260512_0035_1.jpg,EJA,FOTO COPY,Fotokopi,
crops/ITIEC_EJA_QQQ_20260512_0035_2.jpg,EJA,LAMINATING,Laminasi,LAMINATING
crops/ITIEC_EJA_QQQ_20260512_0035_3.jpg,EJA,JILID HAR CAVER,Jilid Hard Cover,JILID HAR CAVER
crops/ITIEC_EJA_QQQ_20260512_0190_1.jpg,EJA,JALAN INI DI PANTOW SISITIPI,Jalan ini dipantau CCTV,JALAN IN DIPANTOW SISITIPI
crops/ITIEC_EJA_QQQ_20260512_0449_1.jpg,EJA,DILUAR,Di luar,DILUAR
crops/Gambar 73_1.jpg,EJA,Aku ga tau apakah ini mukjizat atau memang jalan Tuhan bentunya banyak.,Saya tidak tahu apakah ini mukjizat atau memang jalan Tuhan bentunya banyak.,Aku ga tau apakah ini mukjizat atau memang jalan Tuhan bentuknva banvak
crops/Gambar 42_1.jpg,EJA,Ada rumah 2 lantai di Jogja harganya ga masuk akal cm 465 juta! Legalitas SHM dan siap akad dan balik nama.,Ada rumah 2 lantai di Jogja harganya tidak masuk akal hanya 465 juta! Legalitas SHM dan siap akad dan balik nama.,Ada rumah 2 lantai di Jogja harganya ga masuk akal cm465 jutaLegalitas SHM dan siap akad dan balik nama
crops/ITIEC_EJA_QQQ_20260512_0090_1.jpg,EJA,KRIPIK,Keripik,
crops/ITIEC_EJA_QQQ_20260512_0484_1.jpg,EJA,"SOTO DAGING SAPI KARE GORENGAN KOMPLET MINUMAN KOMPLIT ""Bu Bingan""","Soto Daging Sapi Kare Gorengan Komplet Minuman Komplet ""Bu Bingan""",SOTO DAGING SAPI KARE GORENGAN KOMPLET MINUMANKOMPLIT BuBinaan
crops/ITIEC_EJA_QQQ_20260512_0151.jpeg_1.png,EJA,DILARANG PARKIR DISINI,DILARANG PARKIR DI SINI,
crops/ITIEC_EJA_QQQ_20260512_0472_1.jpg,EJA,TALIFON PENTING,Telepon penting,TALIFON PENTING
crops/ITIEC_EJA_QQQ_20260512_0472_2.jpg,EJA,BALAI POLIS,Kantor polisi,BALAIPOLIS
crops/ITIEC_EJA_QQQ_20260512_0472_3.jpg,EJA,BOMBA,Pemadam kebakaran,BOMBA
crops/ITIEC_EJA_QQQ_20260512_0472_4.jpg,EJA,BILIK GERAKAN,Bilik gerakan,BILIK GERAKAN
crops/ITIEC_EJA_QQQ_20260512_0472_5.jpg,EJA,KERETA PERONDA,Mobil patroli,KERETA.PERONDA
crops/ITIEC_EJA_QQQ_20260512_0474.webp_1.png,EJA,KARYA AGUNG TEHNIK,Karya Agung Teknik,
crops/ITIEC_EJA_QQQ_20260512_0018_1.jpg,EJA,NASY GORENG & MYE,Nasi goreng & mi,NASY GORENG &MYE
crops/ITIEC_EJA_QQQ_20260512_0026_1.jpg,EJA,JUM'AT KHUSYU',Jumat khusyuk,
crops/ITIEC_EJA_QQQ_20260512_0147_1.jpg,EJA,APOTIK,Apotek,APOTIK
crops/ITIEC_EJA_QQQ_20260512_0232_1.jpg,EJA,MEI REBUS,Mi rebus,MEI-REBUS
crops/ITIEC_EJA_QQQ_20260512_0232_2.jpg,EJA,MEI GORENG,Mi goreng,MEI-GORENG
crops/ITIEC_EJA_QQQ_20260512_0232_3.jpg,EJA,KTIUW GORENG,Kwetiau goreng,KTIOW-GORENG
crops/ITIEC_EJA_QQQ_20260512_0456_1.jpg,EJA,Kedai Handphone,Toko Handphone,Kedai Handphone OTheOne TEn
crops/ITIEC_EJA_QQQ_20260512_0456_2.jpg,EJA,30 minit,30 menit,
crops/ITIEC_EJA_QQQ_20260512_0498_1.jpg,EJA,BERSAMAKITABERKURNBAN UNTUKMENINGKATKAN KESADARNBERBAGI,Bersama Kita Berkurban Untuk meningkatkan kesadaran berbagi,BERSAMAKITABERKURA UNTUKMENINGKATKAN KESADARNBERBAG
crops/ITIEC_EJA_QQQ_20260512_0073_1.jpg,EJA,MUSHOLA,MUSALA,MUSHOLA
crops/ITIEC_EJA_QQQ_20260512_0416_1.jpg,EJA,MIE AYAM BASO,Mi ayam bakso,MIEAYAMBASO
crops/ITIEC_EJA_QQQ_20260512_0490_1.jpg,EJA,Berkwalitas,Berkualitas,Berlkwalltas
crops/ITIEC_EJA_QQQ_20260512_0380_1.jpg,EJA,"KISAH KOMPOL YUNI ""86"": Dulu garang Berantas Narkoboy Kini malah Ketangkap pakai Sabv Bersama 11 anggota polisi lain","Kisah Kompol Yuni ""86"": Dulu garang berantas narkoba, kini malah ketangkap pakai sabu bersama 11 anggota polisi lain","KISAH KOMPOL YUNI 86"": Dulu garang Berantas Narkoboy Kini malah Ketangkap pakai Sabv Bersama 11 anggota polisi lain"
crops/ITIEC_EJA_QQQ_20260512_0528_1.jpg,EJA,JILIT,Jilid,
crops/ITIEC_EJA_QQQ_20260512_0528_2.jpg,EJA,VULSA,Pulsa,VULSA
crops/ITIEC_EJA_QQQ_20260512_0503_1.jpg,EJA,PEMERINTAH KOTA PALANGKA RAYA DIALARANG BERJUALAN DI BADAN JALAN,Pemerintah Kota Palangka Raya Dilarang berjualan di badan jalan,JERINIA DIALARANG BERJUALAN PIBADAN JALAN
crops/ITIEC_EJA_QQQ_20260512_0058_1.jpg,EJA,GITA LAUNDRY Melayani: Cuci Satuan Cuci Kiloan Seterika,GITA LAUNDRY Melayani: Cuci satuan Cuci kiloan Setrika,GITA LAUNDRY Melayanis Cuci Satuan Cuci Kiloan WSeterika
crops/ITIEC_EJA_QQQ_20260512_0473_1.jpg,EJA,MUSHOLA,Musala,MUSHOLA
crops/ITIEC_EJA_QQQ_20260512_0013_1.jpg,EJA,PRAKTEK DOKTER GIGI drg. Suci Mandiyasari BUKA HARI SENIN-JUMAT JAM 16.00-20.00 WIB HARI SABTU-MINGGU JAM 13.30-17.30 WIB,PRAKTIK DOKTER GIGI drg. Suci Mandiyasari Buka Hari Senin - Jumat Jam 16.00 - 20.00 WIB Hari Sabtu - Minggu Jam 13.30 - 17.30 WIB,PRAKTEKDOKTER GIG drg.Suci Mandiyasari BUKAMARI SENIN-JUMAT JAM16.0020.00W HARISABTU-MINGGU
crops/ITIEC_EJA_QQQ_20260512_0222_1.jpg,EJA,Wanita ini Melec*kan Diri Sendiri Usai Ketahuan Mencuri di Toko,Wanita ini melecehkan diri sendiri usai ketahuan mencuri di toko,Wanita ini Melec*kan Diri. Sendiri Usai Ketahuan Mencuri di Toko
crops/ITIEC_EJA_QQQ_20260512_0465.webp_1.png,EJA,WARONG MEMBERS,WARUNG MEMBERS,
crops/ITIEC_EJA_QQQ_20260512_0296_1.jpg,EJA,Srenigkali ktia mraba pseaaran onarg lian hnaya utnuk mmeastikan bwhaa ktia tdiak snedirian dlaam pnedertiaan ini.,Sering kali kita meraba perasaan orang lain hanya untuk memastikan bahwa kita tidak sendirian dalam penderitaan ini.,Srenigkali ktia mraba pseaaran onarg lian hnaya utnuk mmeastikan bwhaa ktia tdiak snedirian dlaam pnedertiaan ini.
crops/ITIEC_EJA_QQQ_20260512_0525_1.jpg,EJA,Jaoh dekat,Jauh dekat,Jaoh dekat
crops/ITIEC_EJA_QQQ_20260512_0525_2.jpg,EJA,PAKE HELEM,Pakai helm,PAKE HELEM
crops/ITIEC_EJA_QQQ_20260512_0020_1.jpg,EJA,Sedia AYAM PECEL TETE NASI UDUK Trima Pesanan,Sedia Ayam Pecel Lele Nasi Uduk Terima Pesanan,Sedia AVAM PECELTETE NASI UDUK Trima Pesanan
crops/Gambar 77_1.jpg,EJA,Sialan bgt beras 5kg dari 74.500 ke 98.000 menurut gue sinting.,Lonjakan harga beras kemasan 5kg dari Rp74.500 ke Rp98.000 menurut saya sangat tidak masuk akal.,Sialan bgt beras 5kg dari 74.500 ke 98.000 menurut gue sinting
crops/ITIEC_EJA_QQQ_20260512_0478_1.jpg,EJA,Tunggu dirumah,Tunggu di rumah,Tunggu dirwaal
crops/ITIEC_MIX_QQQ_20260512_0160_1.jpg,MIX,500jt h4ga k0in n4ik p4gi ini,Pagi ini harga koin naik menjadi 500 juta rupiah.,500jt h4ga k0in n4ik p4gi ini
crops/Gambar 80_1.jpg,MOR,pembagian qurban tahun ini aku dapet kepala kambing. padahal aku kan pengennya dapet kepala rumah tangga.,Pembagian kurban tahun ini saya mendapatkan kepala kambing. Padahal saya kan inginnya mendapatkan kepala rumah tangga.,pembagian qurban tahun ini aku dapet kepala kambing.padaha aku kan pengennya dapet kepala rumah tangga
crops/ITIEC_MOR_QQQ_20260512_0174_1.jpg,MOR,DILARANG MENGUNA PHONE TANGANG NO HANDPHONE,DILARANG MENGGUNAKAN TELEPON GENGGAM NO HANDPHONE,DILARANG MENGUNA PHONE TANGANG NO HANDPHONE
crops/Gambar 77_1.jpg,MOR,Sialan bgt beras 5kg dari 74.500 ke 98.000 menurut gue sinting.,Kenaikan harga beras menjadimasan 5 kg dari Rp74.500 menjadi Rp98.000 menurut saya tidak masuk akal.,Sialan bgt beras 5kg dari 74.500 ke 98.000 menurut gue sinting
crops/Gambar 55_1.jpg,MOR,pusing di awal dong pas ngerintis pas udah jalan mah enak tinggal uncang uncang kaki sambil di liatin,"Pusing di awal saat merintis. Kalau sudah berjalan, enak tinggal uncang-uncang kaki sambil dilihat orang.",pusing di awal dong pas ngerintis pas udah jalan mah enak tinggal uncang uncang kaki sambil di liatin
crops/ITIEC_MOR_QQQ_20260512_0012_1.jpg,MOR,pria ini bs melihat kberadaan org hilng dari megang foto sja,Pria ini bisa melihat keberadaan orang hilang dari memegang foto saja,pria ini bs melihat kberadaan org hilng dari megang foto sja
crops/ITIEC_MOR_QQQ_20260512_0143_1.jpg,MOR,DI LARANG BUWANG SAMPAH DI SINI,DILARANG MEMBUANG SAMPAH DI SINI,DILARANE BUWANG SAMPARDI SINI
crops/Gambar 45_1.jpg,MOR,6 NASIHAT MENOHOK DR. TIRTA UNTUK UMUR 20-AN (BIAR GAK NYESEL PAS KEPALA 3),6 Nasihat menohok dr. Tirta untuk umur 20-an (agar tidak menyesal tepat kepala 3),6NASIHAT MENOHOKDR.TIRTA UNTUK UMUR 20-AN (BIAR GAKNYESELPASKEPALA3)
crops/Gambar 76_1.jpg,MOR,"Lowbat banget ini seharian kumpul keluarga, tapi bayi masih seger.","Saya merasa sangat lelah setelah seharian berkumpul bersama keluarga, tetapi bayi masih segar.",seger e
crops/ITIEC_MOR_QQQ_20260512_0515_1.jpg,MOR,BASO TAHU CUANKI HAMPIR BUKA CABANG DI TEMPAT LAIN!,Bakso Tahu Cuanki Akan segera membuka cabang di tempat lain!,BASO TAHU CUANKI HAMPIR BUKA CABANG OITEMPATLAIN
crops/ITIEC_MOR_QQQ_20260512_0140_1.jpg,MOR,HELM ANDA MOHON DI KUNCI HILANG DILUAR TANGGUNG JAWAB KAMI,Helm Anda Mohon Dikunci. Hilang di Luar Tanggung Jawab Kami.,HELM ANDA MOHONDIKUNC HILANG DILUAR.TANGGUNG JAWAB KAMI
crops/Gambar 71_1.jpg,MOR,"Lo kira mereka baik-baik aja karena sibuk terus, padahal mereka cuma lari dari perasaan.","Kamu mengira mereka baik-baik saja karena sibuk terus, padahal mereka hanya lari dari perasaan.","5.Lo kira mereka baik-baik aja karena sibuk terus,padahal mereka cuma lari dari perasaan.3/6"
crops/Gambar 75_1.jpg,MOR,"Bangga aku tadi tanya2 soal orga pencernaan pada tahu. Digas ga nangis, malah ketawa.","Saya bangga tadi bertanya soal organ pencernaan pada tahu. Digas tidak menangis, malah tertawa.","Bangga aku tadi tanya2 soal orga pencernaan pada tahu Diqas ga nangis,malah ketawa"
crops/Gambar 29_1.jpg,MOR,"Btw, kenapa orang kalo lagi jatuh cinta dibilang ""butterlfly era""? Kenapa engga belalang era? Kan sama sama ada sayapnya","Ngomong-ngomong, kenapa orang kalau lagi jatuh cinta disebut ""butterlfly era""? Kenapa tidak ""belalang era""? Kan sama-sama ada sayapnya","Btw,kenapa orang kalo lagi jatuncl Kenapa engga belalang era?Kan sama sama ada sayapnya "
crops/Gambar 08_1.jpg,MOR,"Tumblr baru di Superindo bisa jadi tripod lucuuu bangettttt, tapi kemarin buru buru dan gak ada harganyaaa ada yang tau harganya? kepikiran sampe kebawa mimpi wkwk","Tumbler baru di Superindo bisa jadi tripod lucu sekali, tapi kemarin buru-buru dan tidak ada harganya. Ada yang tahu harganya? kepikiran sampai terbawa mimpi wkwk","Tumblr baru di Superindo bisa jadi tripod lucuuu bangettttt, tapi kemarin buru buru dan gak ada harganyaaa  ada yang tau harganya? kepikiran sampe kebawa mimpi wkwk"
crops/Gambar 68_1.jpg,MOR,"Tiba tiba mikir Kok rezeki gacor banget, oh ternyata karna happy terusssss Happy bener bener jadi magnet rezeki banget banget","Tiba-tiba berpikir, mengapa rezeki mengalir sangat lancar? Ternyata karena saya selalu bahagia. Kebahagiaan benar-benar menjadi magnet rezeki yang luar biasa.","Kok rezekigacorbanget,on ternyata karna happy terusssss Happy bener bener jadi magnet rezeki banget banget"
crops/Gambar 63_1.jpg,MOR,"seporsi kemenangan: gapunya pacar, gapunya crush samsek, gada fav ex, gada yang di harapin, gada yg ditungguin, gada masa lalu, gada orang baru, ga naksir siapa-siapa, gada perasaan ke siapa-siapa.","Seporsi kemenangan: tidak memiliki pacar, tidak memiliki crush sama sekali, tidak ada fav ex, tidak ada yang diharapkan, tidak ada yang ditunggu, tidak ada masa lalu, tidak ada orang baru, tidak menaksir siapa-siapa, tidak ada perasaan ke siapa-siapa.","seporsi kemenangan gapunya pacar, gapunya crush samsek,gada fav ex gada yang di harapin, gada yg ditungguin gada masa lalu, gada orang baru ga naksir siapa-siapa, gada perasaan ke siapa-siapa"
crops/Gambar 41_1.jpg,MOR,"Baru juga buka mata dan intip HP bentar, Digimap udah gak ada akhlak ngasih flash sale iPhone 17PM","Baru juga membuka mata dan intip HP sebentar, Digimap sudah tidak ada akhlak memberi flash sale iPhone 17PM","Baru juga buka mata dan intip HPbentar, Digimap udah gak ada akhlak ngasih flash sale iPhone 17PM "
crops/Gambar 39_1.jpg,MOR,"Baru juga buka mata dan intip HP bentar, Digimap udah gak ada akhlak ngasih flash sale iPhone 17PM Sungkem paling hormat pokoknya sama Digimap hari ini.","Baru juga membuka mata dan intip HP sebentar, Digimap sudah tidak ada akhlak memberi flash sale iPhone 17PM Sungkem paling hormat pokoknya sama Digimap hari ini.",IILa Diginnapuaairgak akhlak ngasih flash sale iPhone 17PM  Sungkem.paling hormat pokoknva sama Digimap.hariini
crops/ITIEC_MOR_QQQ_20260512_0217.jpeg_1.png,MOR,CELEP LEVIS KATUN KADUROY,Celana Levi's katun korduroi,
crops/Gambar 07_1.jpg,MOR,pasangan maut dikehidupan dewasa tuh ya cuma kalkulator sama kalender,Pasangan maut di kehidupan dewasa itu ya hanya kalkulator dan kalender,pasangan maut dikehidupan dewasa tuh ya cuman kalkulator sama kalender
crops/ITIEC_MOR_QQQ_20260512_0078_1.jpg,MOR,"Miris Pasien sesak Napas butuh Penanganan cepat, petugas klinik Malah asyik maen game","Memprihatikan, pasien sesak napas membutuhkan penanganan cepat, petugas klinik malah asyik main gim","Miris Pasien sesak Napas butuh Penanganan cepat, petugas klinik Malah asyik maen game"
crops/Gambar 03_1.jpg,MOR,"Bangga aku tadi tanya2 soal orga pencernaan pada tahu. Digas ga nangis, malah ketawa.","Saya bangga tadi bertanya soal organ pencernaan pada tahu. Digas tidak menangis, malah tertawa.","Bangga aku tadi tanya2 soal orga pencernaan pada tahu Diqas ga nangis,malah ketawa"
crops/ITIEC_MOR_QQQ_20260512_0508.jpeg_1.png,MOR,JAKARTA INGINKAN PERUBAHAN NAZAR NYOBLOS DI RUTAN JAKARTA,Jakarta menginginkan perubahan Nazar mencoblos di Rutan Jakarta,
crops/Gambar 30_1.jpg,SEM,"bisa ga yaa? (ini emas putih, 17k) teruss yang recommend dengan harga bersahabat dimana yaa",Bisa tidak ya? (ini emas putih 17 karat) terus yang memiliki rekomendasi dengan harga bersahabat di mana ya?,"bisa ga yaa?(ini emas putin,T7K teruss yang recommend dengan harga bersahabat dimana yaa"
crops/Gambar 14_1.jpg,SEM,"JUMAT BERKAH!! Admin brand, UMKM, pejuang cuan... MERAPAT. Drop jualan kalian (foto/tulisan, NO LINK) Gas saling racunin & support! Siapa tahu rezekinya ngalir dari sini","Jumat berkah! Admin brand, UMKM, pejuang keuntungan. Merapat. Unggah jualan kalian (foto/tulisan, tanpa tautan) Ayo saling mempromosikan dan support! Siapa tahu rezekinya mengalir dari sini","OMALBERKAH! Admin brand, UMKM,pejuang cuan...MERAPAT rop jualan kalian foto/tulisan,NO LINK Gas saling racunin & support Siapa tahu rezekinya ngalir dari sini "
crops/ITIEC_SEM_QQQ_20260512_0215.jpeg_1.png,SEM,TERIMA KASIH TIDAK BERHENTI MEROKOK,Terima kasih tidak merokok,
crops/ITIEC_SEM_QQQ_20260512_0458.webp_1.png,SEM,SILA TUTUP AIR SELEPAS MENGBUKANYA TERIMA KASIH,Silakan tutup air setelah membukanya Terima kasih,
crops/ITIEC_SEM_QQQ_20260512_0425_1.jpg,SEM,DI LARANG MASUK PENCEROBOH AKAN DI DAKWAH,Dilarang masuk! Penyusup akan didakwa,DILARANG MASUK PENCEROBOH AKAN DIDAKWAH
crops/ITIEC_SEM_QQQ_20260512_0100_1.jpg,SEM,HARAP SENANG ADA UJIAN,HARAP TENANG ADA UJIAN,HARAP SENANG ADA UJIAN
crops/ITIEC_SEM_QQQ_20260512_0436_1.jpg,SEM,"JANGAN ANGGAP ENTENG CORONA!!! KURANGI AKTIFITAS DI LUAR RUMAH JANGAN TAKUT GEMUK KARENA MAKAN MULU, NTAR JUGA KURUS LAGI KALO MATI GA BISA HIDUP LAGI","Jangan anggap enteng corona!!! Kurangi aktivitas di luar rumah Jangan takut gemuk karena makan terus, nanti juga kurus kembali kalau mati tidak bisa hidup kembali","JANGANANGGAPENTENG CORONA KURANGIAKTIFITASDILUARRUMAH JANGAN TAKUT GEMUK KARENA MAKAN MULU,NTAR JUGA KURUS LAG KALO MATI GA BISA HIDUP LAGI Satgas Siaga Covid-19"
crops/Gambar 05_1.jpg,SEM,"Kalo di dm sering gini, tandanya dm kita di screenshot ya.","Kalau di dm sering seperti ini, tandanya dm kita discreenshot ya.","Kalo di dm sering gini, tandanya dm kita di screenshot ya"
crops/ITIEC_SEM_QQQ_20260512_0521_1.jpg,SEM,PECEL TETE,Pecel lele,PECEL TETE
crops/ITIEC_SEM_QQQ_20260512_0211_1.jpg,SEM,ADVOKAT,Alpukat,ADVOKAT
crops/Gambar 30_1.jpg,SEM,"bisa ga yaa? (ini emas putih, 17K) teruss yang recommend dengan harga bersahabat dimana yaa","Bisa tidak, ya? (ini emas putih, 17K). Terus, adakah rekomendasi tempat dengan harga yang bersahabat?”","bisa ga yaa?(ini emas putin,T7K teruss yang recommend dengan harga bersahabat dimana yaa"
crops/Gambar 11_1.jpg,SEM,"Kalaulah boleh diputarkn balik masa , banyak yang aku nk perbetul kan , byk manusia yang aku taknak kenal.","Kalaulah boleh diputar ulang kembali ke masa lalu, banyak yang aku ingin perbaiki, banyak manusia yang aku tidak ingin kenal.","kalaulah boleh diputarkn balik masa,banyak yang aku nk perbetul kan,byk manusia yang aku taknak kenal"
crops/ITIEC_SEM_QQQ_20260512_0412_1.jpg,SEM,KAYU TANGI TEKHNIC SERVICE HANDPHONE,Kayu Tangi Teknik Servis Ponsel,IT KAYUTANGITEKHNIC SERVICEHANDPHONE
crops/ITIEC_SEM_QQQ_20260512_0108_1.jpg,SEM,SELURUH KELUARGA BESAR PENGURUS RANTING BANJARAN MENGUCAPKAN ‘SELAMAT MENUNAIKAN IBADAH PUASA’ 1 SYAWAL 1431 H TANGERANG SELATAN,Seluruh Keluarga Besar Pengurus Ranting Banjaran Mengucapkan Selamat Hari Raya Idulfitri 1 Syawal 1431 H.,SELAMAT MENUNAIKAN IBADAH PUASA 1SYAWAL1432H
crops/ITIEC_SEM_QQQ_20260512_0464_1.jpg,SEM,BILEK WUDUK PEREMPUAN,Tempat wudu perempuan,BILEK WUDUK PEREMPUAN
crops/ITIEC_SEM_QQQ_20260512_0176_1.jpg,SEM,Vacancy/Jawatan koosong,Lowongan pekerjaan,Vacancy /Jawatan kosong
crops/ITIEC_SEM_QQQ_20260512_0176_2.jpg,SEM,Penjual gadis,Dicari Pramuniaga Wanita,Penjual gadis
crops/ITIEC_SEM_QQQ_20260512_0176_3.jpg,SEM,Sales girl wanted,Dibutuhkan Sales Wanita,Sales girl wanted
crops/ITIEC_SIN_QQQ_20260512_0186_1.jpg,SIN,KAWASAN BERPAKAIAN SOPAN BEBAS ROKOK DAN,Kawasan berpakaian sopan dan bebas rokok,KAWASAN BERPAKAIAN SOPAN BEBAS ROKOK DAN
crops/ITIEC_SIN_QQQ_20260512_0045_1.jpg,SIN,SEDIA: BERMACAM-MACAM GORENGAN DAN,Tersedia berbagai macam gorengan,SEDIA: BERMACAM-MACAM GORENGAN DAN
crops/ITIEC_TIP_QQQ_20260512_0328_1.jpg,TIP,ROEMAH MOBIL,Rumah Mobil,ROEMAH MOBI
crops/ITIEC_TIP_QQQ_20260512_0422_1.jpg,TIP,TEMPAH Ruang Iklan Hari ini,Tempah Ruang Iklan Hari ini,TEMPAH Ruang Iklan ari ini
crops/ITIEC_TIP_QQQ_20260512_0513_1.jpg,TIP,MIE AYAM BAKAR WONOGIRI,Mie Ayam Bakar Wonogiri,MIEAYAM BAKD WONOGIRI RATISSEUN
crops/ITIEC_TIP_QQQ_20260512_0513_2.jpg,TIP,GRATIS SEUMUR HIDUP YANG NAMANYA RIFIN,Gratis seumur hidup yang namanya Rifin,GRATIS SEUMURHIDUP YANG NAMANYA RIEIN
crops/ITIEC_TIP_QQQ_20260512_0513_3.jpg,TIP,TERSEDIA JUGA TAHU BAKSO,Tersedia juga Tahu Bakso,TERSEDIA JUGA TAHU BAKSO
crops/ITIEC_TIP_QQQ_20260512_0429_1.jpg,TIP,HATI HATI PELAN PELAN MEMASUKI KAWASAN PERUMAHAN,Hati-hati Pelan-pelan Memasuki kawasan perumahan,HATI MEMASUKI KAWASAN PERUMAHAN
crops/ITIEC_TIP_QQQ_20260512_0518_1.jpg,TIP,"TOKO AL-BAROKAH Sedia Roko, Kopi, Susu, Dll","Toko Al-Barokah Sedia Roko, Kopi, Susu, dll.","TOKO AL-BAROKAH Sedia Roko.Kopi,Susu.Dl"
